Price of a Bronco,Drive type,Trim level,Engine options,Location,Interior and seating,Packages/add ons,Color
41974,AWD,Badlands,2.0L EcoBoost,Urban,Vinyl,None,Cactus Gray
31996,4x4,Big Bend,1.5L EcoBoost,Rural,Vinyl,Luxury Package,Iconic Silver
45805,4x4,Big Bend,2.0L EcoBoost,Urban,Leather,Off-Road Package,Cyber Orange
38267,AWD,Badlands,2.0L EcoBoost,Suburban,Vinyl,None,Cactus Gray
36758,AWD,Badlands,1.5L EcoBoost,Rural,Leather,None,Cyber Orange
44474,AWD,Badlands,2.0L EcoBoost,Rural,Vinyl,Tech Package,Iconic Silver
44862,4x4,Heritage Edition,1.5L EcoBoost,Urban,Vinyl,Off-Road Package,Shadow Black
35710,4x4,Base,2.0L EcoBoost,Suburban,Cloth,Off-Road Package,Iconic Silver
45096,AWD,Big Bend,2.0L EcoBoost,Suburban,Leather,None,Cactus Gray
45018,AWD,Heritage Edition,1.5L EcoBoost,Rural,Leather,Off-Road Package,Area 51
43318,4x4,Badlands,2.0L EcoBoost,Suburban,Leather,None,Cactus Gray
31400,4x4,Badlands,1.5L EcoBoost,Urban,Cloth,Tech Package,Iconic Silver
31631,AWD,Big Bend,2.0L EcoBoost,Suburban,Leather,Tech Package,Shadow Black
47759,AWD,Outer Banks,2.0L EcoBoost,Suburban,Vinyl,Off-Road Package,Cactus Gray
36836,AWD,Badlands,1.5L EcoBoost,Rural,Leather,Luxury Package,Area 51
45889,AWD,Base,2.0L EcoBoost,Suburban,Leather,None,Cactus Gray
45559,AWD,Heritage Edition,1.5L EcoBoost,Suburban,Cloth,Tech Package,Cactus Gray
34182,4x4,Base,1.5L EcoBoost,Urban,Leather,Luxury Package,Shadow Black
32327,AWD,Badlands,1.5L EcoBoost,Suburban,Vinyl,None,Area 51
44070,4x4,Big Bend,1.5L EcoBoost,Urban,Vinyl,None,Cyber Orange
39486,4x4,Badlands,2.0L EcoBoost,Rural,Cloth,None,Cyber Orange
39567,AWD,Heritage Edition,2.0L EcoBoost,Rural,Cloth,Luxury Package,Cyber Orange
37625,4x4,Badlands,1.5L EcoBoost,Suburban,Cloth,None,Cyber Orange
33504,AWD,Heritage Edition,2.0L EcoBoost,Suburban,Cloth,Tech Package,Cactus Gray
42811,4x4,Outer Banks,1.5L EcoBoost,Urban,Leather,Tech Package,Shadow Black
31307,4x4,Heritage Edition,1.5L EcoBoost,Rural,Cloth,Luxury Package,Cyber Orange
49838,AWD,Base,2.0L EcoBoost,Rural,Leather,Off-Road Package,Area 51
43883,AWD,Base,2.0L EcoBoost,Urban,Leather,None,Area 51
30597,4x4,Base,1.5L EcoBoost,Suburban,Vinyl,Tech Package,Iconic Silver
32531,AWD,Badlands,2.0L EcoBoost,Rural,Leather,Luxury Package,Cactus Gray
34495,4x4,Heritage Edition,2.0L EcoBoost,Rural,Cloth,Luxury Package,Area 51
38957,4x4,Outer Banks,1.5L EcoBoost,Rural,Cloth,Luxury Package,Iconic Silver
43439,AWD,Badlands,2.0L EcoBoost,Suburban,Vinyl,Luxury Package,Cyber Orange
32752,AWD,Outer Banks,1.5L EcoBoost,Suburban,Vinyl,None,Shadow Black
32013,AWD,Badlands,2.0L EcoBoost,Rural,Leather,Tech Package,Cyber Orange
34396,4x4,Outer Banks,1.5L EcoBoost,Rural,Vinyl,None,Cyber Orange
30484,AWD,Big Bend,2.0L EcoBoost,Urban,Leather,Off-Road Package,Cactus Gray
36132,AWD,Heritage Edition,1.5L EcoBoost,Suburban,Leather,Luxury Package,Cactus Gray
35010,AWD,Outer Banks,2.0L EcoBoost,Urban,Leather,None,Iconic Silver
38513,4x4,Heritage Edition,1.5L EcoBoost,Suburban,Leather,Off-Road Package,Iconic Silver
41088,AWD,Badlands,1.5L EcoBoost,Urban,Vinyl,None,Iconic Silver
43197,4x4,Heritage Edition,1.5L EcoBoost,Urban,Vinyl,Luxury Package,Shadow Black
32301,AWD,Heritage Edition,2.0L EcoBoost,Rural,Vinyl,Luxury Package,Shadow Black
35839,4x4,Heritage Edition,1.5L EcoBoost,Suburban,Vinyl,Luxury Package,Shadow Black
46585,AWD,Badlands,1.5L EcoBoost,Suburban,Leather,Off-Road Package,Area 51
39870,AWD,Big Bend,1.5L EcoBoost,Urban,Cloth,Luxury Package,Cyber Orange
44772,AWD,Outer Banks,2.0L EcoBoost,Urban,Leather,None,Iconic Silver
31221,AWD,Badlands,2.0L EcoBoost,Suburban,Leather,Tech Package,Area 51
37099,AWD,Big Bend,2.0L EcoBoost,Suburban,Vinyl,Off-Road Package,Area 51
48915,4x4,Heritage Edition,1.5L EcoBoost,Rural,Cloth,Luxury Package,Cactus Gray
